﻿<?xml version="1.0" encoding="utf-8" ?>
<Defs>

  <WorkTypeDef>
    <defName>TreeChopping</defName>
    <labelShort>Tree chop</labelShort>
    <pawnLabel>Tree chopper</pawnLabel>
    <gerundLabel>chopping trees</gerundLabel>
    <description>Chop down trees as designated</description>
    <verb>Chop</verb>
    <naturalPriority>505</naturalPriority>
    <requireCapableColonist>true</requireCapableColonist>
    <relevantSkills>
        <li>Plants</li>
    </relevantSkills>
    <workTags>
      <li>ManualSkilled</li>
      <li>PlantWork</li>
    </workTags>
  </WorkTypeDef>


</Defs>
